{"title": "layer4_r5[Beethoven_Rachmaninoff]", "reducer": "NMF", "dimension": 3, "rank": 5, "fidelity": [1.0, 0.875], "original_precision": [1.0, 1.0], "fidelity_avg": 0.9375, "classes": ["Beethoven", "Rachmaninoff"], "concepts_sensitivity": {"CAV0": [29.837793350219727, -2.8528542518615723], "CAV1": [0.7279632687568665, -0.4733695983886719], "CAV2": [12.784159660339355, -14.180780410766602], "CAV3": [17.882474899291992, -8.759235382080078], "CAV4": [-12.069591522216797, 13.644246101379395]}, "suggested_CAVs": [0, 2, 3, 4, 1], "reducer_conv": 1095.1842881451505, "dataset_size": 122, "loaders_size": [114, 8]}