{"title": "layer4_r[4, 39, 182][Chopin_Beethoven]", "reducer": "NTD", "dimension": 3, "rank": [4, 39, 182], "fidelity": [1.0, 1.0], "original_precision": [1.0, 0.9473684210526315], "fidelity_avg": 1.0, "classes": ["Chopin", "Beethoven"], "concepts_sensitivity": {"CAV0": [-0.18767930567264557, -0.11953924596309662], "CAV1": [0.0021928041242063046, 0.03054983727633953], "CAV2": [-0.18186192214488983, 1.270550012588501], "CAV3": [1.203513741493225, -0.7869819402694702]}, "suggested_CAVs": [3, 2], "reducer_conv": 0.4880448877811432, "dataset_size": 182, "loaders_size": [68, 114]}