{"title": "layer4_r[10, 13, 3, 30][Scriabin_Schubert]", "reducer": "NTD", "dimension": 4, "rank": [10, 13, 3, 30], "fidelity": [1.0, 1.0], "original_precision": [1.0, 1.0], "fidelity_avg": 1.0, "classes": ["Scriabin", "Schubert"], "concepts_sensitivity": {"CAV0": [-0.002034008502960205, -0.014722348190844059], "CAV1": [-0.3012418746948242, 0.9336670637130737], "CAV2": [0.0020042061805725098, 0.00172853481490165], "CAV3": [-0.03526608273386955, -0.09868542850017548], "CAV4": [-0.16969195008277893, 0.673552393913269], "CAV5": [1.3194730281829834, -0.26925405859947205], "CAV6": [0.045843422412872314, 0.9685754776000977], "CAV7": [0.00372777390293777, 1.025855541229248], "CAV8": [-0.3186563551425934, 0.2257029265165329], "CAV9": [0.06578117609024048, -0.0031789145432412624]}, "suggested_CAVs": [5, 1, 4, 8, 9], "reducer_conv": 0.3504136855587322, "dataset_size": 30, "loaders_size": [4, 26]}