{"title": "layer4_r[12, 13, 3, 182][Chopin_Beethoven]", "reducer": "NTD", "dimension": 4, "rank": [12, 13, 3, 182], "fidelity": [1.0, 0.9912280701754386], "original_precision": [1.0, 0.9473684210526315], "fidelity_avg": 0.9956140350877193, "classes": ["Chopin", "Beethoven"], "concepts_sensitivity": {"CAV0": [-0.15261757373809814, -0.08356358110904694], "CAV1": [-0.48213058710098267, 0.7433772087097168], "CAV2": [-0.0891738310456276, -0.08493825793266296], "CAV3": [-0.02074577473104, -0.015054266899824142], "CAV4": [0.6768066883087158, -0.4464985728263855], "CAV5": [0.7040688395500183, -0.5751357078552246], "CAV6": [0.722740888595581, -1.0582395792007446], "CAV7": [1.1225332021713257, 0.33117014169692993], "CAV8": [-0.7518469095230103, 0.7741644382476807], "CAV9": [0.01621975004673004, 0.06319566071033478], "CAV10": [0.027010196819901466, 0.9111536145210266], "CAV11": [0.23326848447322845, 1.0795196294784546]}, "suggested_CAVs": [6, 8, 5, 1, 4], "reducer_conv": 0.41837501525878906, "dataset_size": 182, "loaders_size": [68, 114]}