{"title": "layer4_r[4, 13, 3, 186][Chopin_Bach]", "reducer": "NTD", "dimension": 4, "rank": [4, 13, 3, 186], "fidelity": [1.0, 1.0], "original_precision": [1.0, 1.0], "fidelity_avg": 1.0, "classes": ["Chopin", "Bach"], "concepts_sensitivity": {"CAV0": [-0.009235515259206295, 0.07160007953643799], "CAV1": [0.2370762825012207, 0.603072464466095], "CAV2": [-0.49153241515159607, 1.1458135843276978], "CAV3": [1.2647041082382202, -0.6893349289894104]}, "suggested_CAVs": [3, 2, 0], "reducer_conv": 0.46477434039115906, "dataset_size": 186, "loaders_size": [68, 118]}